id,type,dateAdded,lastUpdated,quiz_id,question_text
1,Movies,1/9/2025,3/16/2025,29,icjrq
2,Personality,1/13/2025,3/21/2025,11,grkhs
3,Movies,7/21/2027,6/3/2023,24,tvrvx
4,TV,6/29/2027,9/26/2027,25,mgddv
5,Movies,9/1/2028,12/18/2023,8,jhows
6,Movies,12/6/2024,2/14/2027,21,fpwxd
7,Personality,11/15/2025,8/4/2026,13,ubsdg
8,Personality,2/17/2026,6/24/2024,1,gandv
9,Movies,12/26/2026,7/6/2027,26,jyeiu
10,Books,1/2/2024,7/28/2028,17,jqsjt
11,TV,10/11/2024,3/31/2023,30,xeqwp
12,Personality,5/2/2026,11/21/2028,22,yuuhv
13,TV,12/17/2027,5/26/2027,14,faxme
14,Personality,10/18/2025,12/23/2024,5,nccle
15,Books,11/17/2025,3/19/2027,3,wjhne
16,Movies,11/10/2027,1/30/2023,18,rwtbl
17,TV,10/7/2023,5/12/2026,9,rbfvn
18,Movies,2/2/2026,8/21/2028,10,heneq
19,TV,5/22/2025,3/4/2028,17,okvyy
20,Books,10/2/2027,5/23/2026,22,pdepb
21,Personality,11/16/2024,11/8/2026,29,armvg
22,TV,7/19/2028,3/30/2026,4,wiief
23,Books,1/18/2026,10/7/2026,21,yzupw
24,Books,6/11/2024,10/20/2028,11,vsooz
25,Personality,11/19/2025,3/18/2026,12,jgifn
26,Movies,9/4/2025,10/5/2023,14,nokxt
27,Books,10/3/2024,3/4/2023,16,zbilz
28,Personality,1/21/2026,8/30/2028,25,zlrrw
29,Books,6/17/2024,11/2/2024,2,qdree
30,Movies,12/25/2023,6/22/2027,28,rsyqo
31,Personality,1/1/2025,10/4/2024,18,jkjuo
32,Movies,6/13/2026,5/4/2028,6,nfqtx
33,Personality,4/13/2025,8/1/2026,11,xjejn
34,TV,4/23/2028,9/5/2024,14,jndga
35,Personality,1/21/2025,1/20/2025,19,idezo
36,Books,2/24/2023,11/24/2025,9,jqqes
37,Movies,1/21/2024,11/26/2024,24,kxngt
38,TV,10/20/2027,11/20/2025,22,ndntf
39,Books,4/29/2024,6/9/2023,15,bmczb
40,Movies,8/22/2026,4/1/2024,16,ptnog
41,TV,12/6/2027,9/7/2024,2,knhli
42,TV,5/7/2027,2/7/2023,1,rljwv
43,Personality,8/20/2026,10/9/2026,26,pfepb
44,TV,1/31/2025,5/22/2025,7,zppbe
45,Personality,5/8/2028,5/18/2023,29,ioniu
46,Books,12/2/2024,9/15/2027,14,tlgoz
47,Movies,12/13/2027,1/29/2024,19,czkiy
48,Movies,8/31/2023,11/12/2026,1,vpnyd
49,Books,10/6/2023,8/20/2024,25,tnogu
50,TV,7/14/2024,7/10/2028,15,xcgjj
51,Personality,12/29/2027,7/18/2028,18,jarzv
52,Personality,2/19/2024,8/4/2026,11,ettsa
53,Books,8/31/2023,3/14/2027,27,pgcsh
54,Movies,10/6/2028,10/17/2025,16,ducmx
55,Books,11/10/2027,2/23/2026,13,eiuad
56,Books,10/17/2028,6/18/2026,29,yftaa
57,Movies,2/16/2028,6/24/2025,8,qgopl
58,TV,1/20/2024,3/20/2027,17,gnxzs
59,Movies,3/4/2028,8/31/2024,7,pcmqa
60,Movies,6/15/2027,10/11/2026,4,vstjj
61,Personality,3/2/2023,7/27/2024,24,yjhtz
62,Movies,10/1/2025,1/9/2024,13,yuoeo
63,Books,10/12/2026,9/21/2028,25,aotgq
64,Personality,1/7/2027,4/1/2023,14,natps
65,Personality,11/10/2023,7/11/2023,1,hzmwj
66,Books,2/23/2026,4/14/2025,26,copsa
67,TV,3/12/2027,12/18/2026,5,fahty
68,Personality,4/5/2028,5/27/2023,16,btpbf
69,Books,5/23/2023,10/13/2026,21,zmkid
70,TV,12/13/2027,4/20/2023,7,fyofz
71,Movies,11/13/2027,2/10/2027,19,qzhax
72,Books,10/18/2025,9/25/2026,27,zapbo
73,Movies,9/25/2028,10/27/2023,30,nlsby
74,Movies,4/4/2027,11/21/2025,11,sfzpv
75,Movies,5/24/2027,5/31/2023,22,xzaju
76,Books,12/27/2024,6/12/2027,18,lsbde
77,TV,2/13/2025,2/5/2028,4,mjmfw
78,Personality,7/21/2027,1/15/2024,8,hjlhx
79,TV,3/6/2028,11/2/2028,28,igedw
80,TV,3/1/2027,7/5/2027,16,lqkjg
81,Movies,3/28/2026,12/18/2028,11,bfqmf
82,TV,2/17/2023,8/18/2028,19,rtsgn
83,TV,3/5/2025,2/18/2025,21,xvozd
84,TV,3/3/2027,5/23/2025,1,ecoxd
85,Movies,11/20/2028,2/19/2025,3,wgkqs
86,Personality,5/14/2028,9/30/2023,30,bdhop
87,Movies,4/8/2023,2/8/2025,23,mcrev
88,Books,9/30/2028,10/12/2028,29,combg
89,Personality,3/13/2028,9/15/2024,10,eysso
90,Books,5/5/2028,5/18/2025,15,ysuzm
91,TV,10/1/2026,11/9/2026,7,xutkb
92,Movies,11/13/2024,2/7/2024,26,wbnwo
93,TV,5/4/2025,12/14/2023,1,hdvnl
94,Personality,9/27/2023,2/24/2025,19,vdjov
95,Movies,8/23/2027,10/21/2024,28,ozbwh
96,Movies,11/23/2027,9/3/2024,21,hmrsh
97,Personality,2/10/2028,1/12/2024,12,trube
98,Personality,9/29/2023,12/31/2025,13,nyvny
99,Movies,1/6/2028,8/26/2025,23,qgobb
100,Personality,10/1/2025,10/16/2025,17,kcish
101,Movies,10/14/2026,12/29/2025,4,oqgvh
102,Personality,5/20/2028,11/10/2023,27,yizdo
103,Movies,9/28/2023,11/12/2027,14,obvcz
104,Books,1/3/2027,1/28/2024,5,exygt
105,TV,12/24/2025,10/11/2026,22,xhgap
106,Movies,3/10/2023,9/27/2027,16,wjobk
107,Movies,7/3/2024,10/24/2026,28,gvnfh
108,Personality,7/13/2027,6/8/2024,13,hzdcm
109,Books,9/22/2027,8/8/2024,3,fgrmh
110,Books,9/22/2027,11/28/2025,23,tspub
111,Personality,7/25/2023,11/2/2028,26,kiraw
112,Books,9/11/2025,4/16/2024,8,cudxw
113,Movies,9/16/2026,1/25/2025,27,tqtqj
114,Books,6/17/2023,11/30/2023,19,uktde
115,Personality,12/22/2026,10/3/2026,17,rcfpg
116,Movies,1/31/2023,9/24/2026,9,yhvhv
117,TV,10/10/2024,3/18/2025,4,duqjp
118,TV,6/4/2026,3/9/2023,21,iexzv
119,Personality,2/13/2023,9/19/2026,12,niogf
120,TV,9/19/2024,12/31/2027,29,kgoti
121,Movies,11/22/2028,1/10/2027,30,duhsf
122,Books,9/26/2028,1/12/2024,12,wtptu
123,Personality,12/1/2028,11/6/2028,9,vkifq
124,Movies,10/2/2023,10/29/2024,14,sljqe
125,Personality,8/23/2025,4/28/2027,5,vujic
126,Books,1/16/2026,3/25/2027,29,cqucg
127,Movies,4/8/2026,9/10/2026,22,yqzuj
128,Personality,10/22/2025,8/20/2025,7,pdyce
129,Personality,8/8/2023,7/11/2023,2,nampn
130,TV,8/20/2024,8/13/2025,27,uawqs
131,TV,9/17/2024,10/26/2028,28,zzfqm
132,Personality,1/15/2027,12/6/2023,16,lmklg
133,Movies,3/7/2024,8/4/2027,18,vgwfe
134,TV,9/22/2026,9/29/2027,11,aimgs
135,Personality,7/14/2026,5/8/2027,21,gvmnj
136,TV,2/10/2026,9/21/2023,6,vmxvq
137,Books,9/17/2025,11/4/2025,18,dqbqo
138,Movies,9/7/2026,2/5/2028,22,cmufw
139,Books,1/8/2023,5/18/2023,4,qnrrh
140,Movies,7/1/2024,2/12/2024,17,lvqhy
141,Personality,1/3/2026,11/3/2024,16,vmwqi
142,Personality,2/24/2027,7/4/2027,21,tsnxu
143,TV,2/28/2023,4/29/2024,24,abvyj
144,Books,2/22/2028,11/9/2023,29,xdsax
145,Books,6/25/2024,11/4/2027,12,lvjms
146,TV,2/22/2028,12/6/2026,9,jnmse
147,Books,12/24/2023,7/26/2024,15,ayjwx
148,Movies,1/8/2024,10/25/2023,25,wfesl
149,Books,9/13/2028,9/3/2026,1,xuwaq
150,TV,3/30/2023,5/23/2024,2,srzgv
151,Books,1/24/2027,10/22/2025,27,yvbth
152,Movies,12/19/2027,5/4/2027,20,whpio
153,Personality,6/5/2027,12/15/2026,26,kprnk
154,Movies,3/11/2025,4/3/2023,24,nsfkw
155,Movies,11/25/2028,11/1/2026,19,xqbyp
156,TV,4/28/2026,1/31/2027,2,jeyeo
157,Personality,6/3/2027,10/23/2024,5,uwdxj
158,Movies,2/3/2028,9/26/2026,11,epaea
159,Movies,12/24/2027,6/14/2027,30,hyobj
160,Movies,7/16/2028,4/9/2024,8,whinv
161,Books,5/26/2023,1/4/2027,9,ndeck
162,Movies,3/22/2023,6/6/2026,23,yxmep
163,TV,2/25/2028,2/1/2023,6,edvrl
164,Personality,7/24/2028,8/14/2026,18,satyi
165,Personality,2/10/2023,7/5/2025,28,lqnwi
166,Movies,12/22/2023,12/5/2023,28,ykchk
167,TV,3/8/2023,7/8/2025,24,kfrdz
168,TV,5/21/2025,8/3/2024,1,gkxms
169,Personality,11/13/2028,9/15/2025,10,xjymz
170,Books,4/30/2024,12/2/2025,9,yossi
171,Movies,2/9/2024,1/3/2026,4,kgtnb
172,TV,7/22/2024,11/14/2028,3,kjhzr
173,Personality,1/18/2028,6/24/2023,2,yndqm
174,TV,2/29/2028,9/24/2027,27,nzkvr
175,Personality,5/29/2024,11/15/2027,22,djzbh
176,Books,5/6/2023,8/6/2025,14,tcvje
177,Books,5/10/2024,8/31/2025,18,hsxqa
178,Movies,4/24/2028,7/11/2023,12,lccan
179,Books,10/5/2025,7/14/2025,8,lmlem
180,TV,5/25/2023,11/30/2024,25,ybtzs
181,Movies,12/26/2023,1/7/2023,30,qpjxa
182,TV,8/1/2023,2/22/2025,27,piiul
183,Personality,2/25/2027,10/1/2028,29,lvtyk
184,TV,6/25/2023,12/11/2027,6,ktnif
185,Personality,5/28/2025,2/2/2027,10,ahzqu
186,TV,1/18/2025,11/16/2026,5,keluz
187,Movies,4/12/2024,11/27/2028,4,lbejt
188,TV,5/7/2026,12/13/2025,2,qurok
189,Movies,7/30/2027,12/17/2027,28,xqtmf
190,Books,10/15/2025,2/28/2025,24,rhkfb
191,Books,5/26/2028,2/12/2026,7,rywet
192,Personality,2/22/2028,12/9/2027,12,nzlyr
193,Movies,5/26/2025,9/15/2025,1,wkqdo
194,Personality,7/23/2026,10/6/2028,26,dantt
195,TV,1/28/2025,8/26/2024,15,abuhp
196,Personality,6/25/2024,3/15/2027,6,ccewa
197,Personality,9/12/2027,2/8/2025,7,ccjor
198,Movies,9/23/2023,11/4/2024,17,swmsq
199,Movies,6/6/2025,9/25/2024,15,achiz
200,Personality,4/15/2023,4/15/2025,10,altvw
201,Personality,1/11/2026,4/15/2026,29,uyryw
202,TV,4/24/2025,10/13/2024,3,zqsjc
203,Books,4/19/2024,6/26/2028,30,aehfz
204,Personality,8/11/2024,3/22/2028,4,pwomb
205,Personality,10/16/2027,5/24/2023,5,rtrrn
206,Books,9/5/2023,7/12/2025,28,mgkxc
207,Personality,11/20/2023,4/27/2027,18,zxtbt
208,Books,2/10/2025,2/18/2026,20,zuwzl
209,Personality,1/3/2025,3/12/2024,2,vibsn
210,Books,11/19/2025,12/30/2024,14,umejm
211,Books,5/9/2023,11/14/2026,1,mnvnz
212,TV,5/16/2023,9/11/2025,25,lbmry
213,Books,8/6/2023,2/10/2024,16,sshqa
214,Books,5/26/2023,3/11/2028,29,yyrda
215,TV,10/27/2026,2/8/2028,23,giixk
216,TV,5/11/2028,4/12/2025,7,chwil
217,Books,9/8/2024,12/13/2027,20,oxmyj
218,Movies,10/4/2024,8/20/2025,15,nkynw
219,Books,5/3/2023,4/11/2026,30,uhxhl
220,Movies,9/25/2027,8/7/2025,26,rcyvz
221,Personality,10/24/2028,12/11/2023,27,hmngv
222,Movies,7/5/2023,4/21/2024,13,uapvb
223,Books,4/11/2023,5/3/2026,2,reilh
224,Personality,2/4/2025,8/22/2026,18,ddfwm
225,TV,2/27/2025,10/28/2025,14,ccxqn
226,Movies,3/2/2025,5/3/2023,22,bflob
227,Books,11/7/2024,10/30/2026,12,unxnx
228,Personality,1/6/2028,8/13/2023,16,oueja
229,Books,2/22/2023,5/24/2024,26,fkvok
230,TV,5/7/2026,5/6/2023,8,trcbw
231,Books,8/12/2026,12/20/2027,25,ruebn
232,Books,9/25/2023,12/2/2028,29,pycos
233,Books,8/28/2026,8/29/2028,28,tbxeb
234,Books,5/31/2025,6/1/2024,4,uttxp
235,Movies,12/22/2023,8/22/2028,2,eeggj
236,Personality,8/28/2027,7/2/2023,6,cnjwz
237,Personality,6/3/2027,1/7/2023,27,aaqer
238,Movies,6/19/2024,11/12/2028,10,bublk
239,TV,4/13/2024,3/9/2023,5,aprru
240,Movies,3/12/2027,2/20/2027,1,wmmpp
241,TV,10/31/2028,9/10/2025,4,xwbcc
242,Personality,12/16/2023,9/11/2027,24,eiogk
243,Books,9/7/2028,11/12/2025,19,veofl
244,Personality,4/11/2024,10/31/2024,14,naeeo
245,Books,11/17/2023,4/12/2027,10,dobgm
246,Personality,4/21/2026,3/18/2024,13,gjrjt
247,Books,10/2/2027,9/8/2026,23,dbxso
248,Personality,10/4/2027,5/8/2024,6,nvnoc
249,Books,10/21/2024,11/1/2025,8,tnrlu
250,Books,5/28/2025,9/7/2023,21,jhsws
251,TV,7/3/2024,11/2/2027,30,nugfy
252,TV,7/11/2023,6/19/2028,1,gynrb
253,Movies,11/23/2026,11/4/2028,22,hziem
254,Movies,10/19/2024,9/4/2025,20,mjsgt
255,Personality,12/11/2024,5/17/2026,25,zymgu
256,Personality,7/8/2023,4/15/2025,15,nvvxi
257,Movies,8/11/2024,11/3/2024,7,hgoue
258,Books,6/25/2027,10/5/2025,16,drlbe
259,Personality,9/12/2025,1/3/2028,1,ffszq
260,Books,6/3/2028,11/15/2026,25,slibf
261,Personality,6/5/2027,8/28/2024,14,hysxm
262,Movies,9/4/2024,10/8/2026,6,xslxt
263,Movies,3/11/2023,7/3/2023,23,mdqtk
264,Movies,4/16/2028,10/23/2025,21,qejbi
265,Books,4/12/2028,3/18/2025,2,xuqsi
266,Movies,12/8/2024,1/15/2027,24,rwhxa
267,TV,12/7/2024,6/22/2026,27,kfjtr
268,Books,12/14/2027,1/7/2025,5,dskgc
269,Personality,11/8/2023,8/6/2024,9,jnwtg
270,Books,8/17/2023,7/9/2025,20,kridn
271,TV,7/3/2026,2/9/2026,17,cbcyk
272,TV,1/29/2026,3/5/2023,18,ikgdm
273,Personality,4/30/2028,2/6/2025,25,jgrdi
274,Personality,11/5/2028,8/10/2023,8,gcbdx
275,TV,11/20/2024,7/9/2027,27,tdcyl
276,TV,1/25/2027,9/5/2025,24,dpbyo
277,Books,8/20/2026,1/29/2025,2,ecxpm
278,TV,9/20/2024,4/1/2027,12,osxab
279,TV,12/19/2028,5/27/2028,11,tzvci
280,Movies,11/22/2026,4/7/2026,22,vmzyh
281,Movies,5/12/2027,11/23/2026,6,zeknp
282,Books,7/30/2025,6/13/2027,1,ssmvi
283,Books,5/21/2026,11/13/2024,15,htqlo
284,Personality,5/25/2028,11/18/2023,30,qsfyn
285,Movies,11/17/2026,4/10/2027,26,lhinl
286,TV,5/8/2024,7/3/2025,14,xsdgr
287,Books,8/3/2025,9/16/2024,26,dhulk
288,Books,5/25/2023,6/27/2023,4,yglwy
289,Personality,6/23/2028,7/16/2025,7,khutv
290,Personality,9/30/2028,3/7/2023,21,xlivs
291,Personality,3/14/2026,3/23/2027,10,sdpvv
292,Movies,2/28/2023,9/28/2026,12,wakvs
293,Movies,3/1/2025,3/1/2026,18,goaee
294,Books,3/1/2024,8/31/2023,28,ipsst
295,Personality,8/14/2028,1/16/2026,22,nfnkg
296,Movies,1/14/2023,3/3/2023,16,phldb
297,TV,9/2/2026,4/4/2023,23,wbruk
298,Movies,7/26/2023,6/27/2026,20,sfspu
299,Movies,8/31/2024,5/21/2023,15,fsmjt
300,TV,7/2/2028,12/5/2024,5,iywsu
