id,selection,dateAdded,quiz_id,question_id,user_id
1,orkxm,6/26/2022,6,268,10
2,dunxi,6/2/2022,2,212,10
3,gwzkb,1/28/2023,15,71,10
4,bshic,2/28/2023,20,179,8
5,whsrr,12/3/2022,18,115,2
6,jvimq,12/29/2022,23,143,3
7,kdufd,6/29/2022,4,252,20
8,unhlj,4/28/2022,1,213,13
9,ezmwh,9/14/2022,13,88,12
10,tzlmw,3/17/2023,3,237,10
11,hlqdn,5/27/2022,26,82,7
12,ueuth,5/11/2022,12,40,4
13,hnesx,10/24/2022,22,255,3
14,lszea,9/15/2022,19,178,19
15,rxlhd,3/9/2023,7,97,15
16,patkw,5/1/2022,9,243,17
17,skgee,4/19/2022,28,98,19
18,uvduw,10/13/2022,5,44,19
19,iqgpf,12/10/2022,17,62,11
20,uxzoc,10/20/2022,30,6,19
21,czerg,10/25/2022,29,299,18
22,epkjf,3/15/2023,10,214,19
23,xtpdg,8/10/2022,11,9,2
24,mjwoa,2/11/2023,8,258,12
25,csqxz,7/13/2022,16,151,6
26,crlyg,9/3/2022,27,292,20
27,vhjdl,4/29/2022,21,285,18
28,wdsvv,10/29/2022,25,140,7
29,gssep,12/2/2022,14,227,15
30,xnafk,9/25/2022,24,215,3
31,xpgpj,3/24/2023,19,103,7
32,setbk,11/17/2022,22,73,14
33,bdryj,9/28/2022,11,269,16
34,wzmvs,7/18/2022,10,90,9
35,xjtks,10/26/2022,13,77,20
36,xbqjy,7/24/2022,18,284,2
37,ajiph,6/11/2022,26,139,13
38,omyso,11/15/2022,29,281,19
39,hhtmk,5/30/2022,25,69,6
40,wgtmt,3/7/2023,24,206,9
41,ihcyu,1/20/2023,6,172,11
42,wbxzs,11/6/2022,23,272,8
43,tuzmm,3/7/2023,27,113,16
44,pxmce,1/26/2023,28,170,17
45,xkfmo,7/3/2022,5,197,1
46,wckmc,7/10/2022,16,254,16
47,nfwav,10/10/2022,20,107,5
48,bddum,11/25/2022,2,168,16
49,ktcne,12/4/2022,9,35,2
50,qnigp,2/4/2023,30,232,9
51,vowsa,12/31/2022,6,292,5
52,enhdz,6/4/2022,11,231,4
53,auqoj,3/16/2023,5,112,18
54,jsdli,10/16/2022,24,96,19
55,kluss,12/10/2022,25,152,12
56,ejnfq,12/24/2022,15,280,1
57,keibm,3/3/2023,27,211,10
58,bghxb,12/12/2022,18,6,19
59,dkbin,6/26/2022,8,67,11
60,fyykj,6/22/2022,17,267,14
61,uivvs,2/1/2023,10,132,6
62,ouxgm,5/24/2022,23,33,14
63,jnmqx,10/6/2022,30,156,19
64,oelbc,2/13/2023,12,91,12
65,xzqpb,11/5/2022,28,193,8
66,ayffc,3/14/2023,26,203,13
67,fmozo,7/11/2022,19,23,5
68,mtiwx,2/13/2023,13,69,5
69,mmxak,1/17/2023,2,106,1
70,xdovq,1/1/2023,3,20,7
71,kbjzg,11/14/2022,4,64,4
72,jxwfb,1/13/2023,14,27,17
73,ltffm,4/3/2023,20,216,6
74,ytkga,7/9/2022,7,173,12
75,sokai,4/23/2022,29,179,15
76,pfbwo,1/17/2023,16,180,19
77,hqipj,10/11/2022,9,218,5
78,ybsip,9/20/2022,22,46,7
79,cbcam,3/26/2023,21,190,3
80,ojwwc,8/23/2022,1,37,7
81,tqsix,1/29/2023,13,146,18
82,klhaw,4/17/2022,20,253,3
83,bzhdw,6/27/2022,15,10,18
84,hwcss,10/31/2022,29,196,13
85,qtgyt,11/26/2022,23,42,19
86,znstl,9/4/2022,12,232,13
87,otznh,5/2/2022,5,194,4
88,ochwm,8/14/2022,3,97,16
89,baqib,1/17/2023,10,168,6
90,jpffu,1/12/2023,30,39,13
91,qsiie,6/22/2022,16,141,10
92,hhmux,4/22/2022,4,121,3
93,bzwlo,1/23/2023,7,274,19
94,hjmkq,12/8/2022,22,282,9
95,sbmnd,6/18/2022,6,214,18
96,drefl,11/15/2022,25,259,6
97,ellqr,10/22/2022,1,45,5
98,mujxh,3/16/2023,14,145,7
99,lnbhf,8/28/2022,27,202,7
100,tipfa,2/13/2023,26,246,15
101,sxmyy,1/26/2023,10,170,3
102,ocflu,1/7/2023,23,1,10
103,xsrkt,10/3/2022,25,292,20
104,klwji,2/20/2023,14,222,1
105,xhrem,1/11/2023,5,284,3
106,mirnw,9/8/2022,19,61,10
107,vmizh,4/5/2023,29,217,10
108,uqnes,6/6/2022,15,220,14
109,hkyry,12/26/2022,24,69,16
110,feurw,3/5/2023,8,27,13
111,qeerl,6/19/2022,17,253,4
112,wutbk,9/27/2022,3,3,1
113,fomdi,3/1/2023,6,195,12
114,ylnfz,9/20/2022,2,228,6
115,qdlbo,7/20/2022,21,148,12
116,fyzcy,6/23/2022,26,200,18
117,efdto,3/17/2023,11,62,16
118,jbqbw,4/24/2022,4,226,8
119,qdadk,10/4/2022,12,255,20
120,chkpm,8/16/2022,7,289,20
121,gmoqq,5/29/2022,13,8,10
122,klnbb,5/16/2022,28,160,13
123,uhimq,11/28/2022,9,128,15
124,qtdvy,8/12/2022,18,36,11
125,ntsiy,7/25/2022,20,151,10
126,hjezv,10/22/2022,27,205,4
127,njcud,10/23/2022,16,156,12
128,pftat,1/15/2023,30,162,3
129,fjaog,6/27/2022,22,142,3
130,foyjk,10/17/2022,1,114,20
131,jufna,1/20/2023,23,132,15
132,wfyko,4/10/2023,2,24,11
133,zbnim,4/3/2023,26,244,5
134,kegve,5/3/2022,3,76,16
135,gxwky,1/24/2023,19,280,4
136,rpsar,7/19/2022,30,26,19
137,oavjx,5/2/2022,9,211,3
138,vrwfh,8/14/2022,18,286,7
139,axsux,4/16/2023,4,124,5
140,bipua,1/5/2023,28,54,2
141,pcdmv,7/27/2022,8,153,5
142,mbznv,8/5/2022,29,291,7
143,hqvnu,2/4/2023,7,232,3
144,avkwm,8/3/2022,5,245,3
145,vutqf,12/7/2022,22,163,8
146,xcwzd,9/19/2022,17,144,12
147,hxpti,2/26/2023,13,23,16
148,awwub,10/11/2022,1,273,3
149,lifii,1/31/2023,6,139,1
150,odqxq,10/6/2022,16,87,5
151,wnvlz,9/19/2022,8,264,11
152,glhtf,7/8/2022,13,187,10
153,yiquw,2/10/2023,11,167,18
154,ydtqm,6/6/2022,18,266,16
155,xiwat,11/6/2022,28,204,3
156,kvxaa,7/8/2022,20,208,19
157,tailn,5/1/2022,21,108,10
158,ztbeo,7/15/2022,16,284,18
159,mciuf,12/6/2022,27,35,16
160,zxznx,4/21/2022,5,125,2
161,cmcen,11/1/2022,9,96,1
162,kzyoa,9/6/2022,26,245,15
163,ixetu,6/7/2022,10,259,17
164,whenr,5/8/2022,29,218,1
165,atkah,11/15/2022,22,209,1
166,lmxvm,11/14/2022,25,60,2
167,waxrm,2/27/2023,24,163,4
168,znfoc,1/14/2023,30,42,15
169,hokac,12/4/2022,19,299,6
170,bxfyu,5/4/2022,23,285,9
171,ceshy,4/2/2023,1,274,8
172,lghfw,7/17/2022,3,109,12
173,uxrvd,6/3/2022,15,2,7
174,wmwrf,9/29/2022,14,226,6
175,pmgys,1/14/2023,2,11,19
176,yrqfn,4/8/2023,17,82,14
177,ndyeo,1/7/2023,7,85,8
178,uydze,10/15/2022,12,68,5
179,otedx,2/12/2023,4,238,18
180,txuec,9/9/2022,6,44,9
181,pveft,8/1/2022,22,202,1
182,kjdzg,7/3/2022,5,193,17
183,fghjp,8/3/2022,7,52,3
184,aphbc,6/16/2022,14,117,6
185,corlq,1/19/2023,1,127,13
186,famad,10/17/2022,4,221,16
187,lqmrm,12/29/2022,23,86,14
188,yfzsx,2/22/2023,13,18,11
189,iczkr,4/18/2022,25,292,19
190,kpfcs,3/10/2023,26,276,13
191,yzcsu,3/16/2023,16,19,1
192,zvqpn,9/21/2022,24,239,16
193,zgwsf,3/11/2023,20,156,4
194,lncpe,7/17/2022,27,14,8
195,oscjg,8/3/2022,3,113,19
196,talej,11/15/2022,30,168,17
197,ckhah,11/11/2022,6,115,20
198,svqwa,4/1/2023,11,23,8
199,clmhq,11/1/2022,15,95,20
200,gixjx,2/18/2023,8,185,15
201,dqkim,3/2/2023,7,132,11
202,zevgq,2/19/2023,18,224,11
203,xyozy,8/2/2022,3,225,18
204,ufxtz,1/19/2023,21,140,17
205,qohwn,1/18/2023,23,13,11
206,jvzvq,11/21/2022,9,153,15
207,gdxzc,1/30/2023,19,48,11
208,dfxga,3/26/2023,29,171,11
209,nhgpn,12/27/2022,20,181,10
210,sdmpr,10/26/2022,11,270,4
211,mmffu,8/11/2022,17,291,1
212,amylz,7/8/2022,28,239,3
213,qfhsn,12/24/2022,26,283,12
214,gmnkn,8/12/2022,15,103,1
215,rjknh,3/25/2023,22,123,10
216,axuun,7/3/2022,27,279,19
217,rqeso,4/11/2023,6,134,5
218,mwqjw,1/16/2023,8,230,2
219,zdvlc,9/10/2022,24,129,19
220,dzkxv,10/4/2022,13,275,16
221,kedrh,8/30/2022,5,202,9
222,ndshi,6/11/2022,12,19,10
223,kfzkr,6/28/2022,16,205,13
224,tiwut,9/28/2022,2,38,7
225,whbny,2/15/2023,25,118,2
226,pqhxu,6/16/2022,4,81,13
227,fqzdj,8/28/2022,1,172,14
228,lktmn,11/26/2022,14,277,8
229,daeum,12/5/2022,30,246,7
230,kkofs,11/29/2022,10,79,4
231,gjzsx,7/19/2022,2,151,2
232,aqlaq,8/24/2022,21,176,14
233,fojzd,10/12/2022,18,201,17
234,tqjtr,5/9/2022,3,20,15
235,ulzlj,9/26/2022,28,35,13
236,rcjiz,4/23/2022,15,299,12
237,xrsvk,1/15/2023,23,271,6
238,ofdoe,10/11/2022,1,127,9
239,uxijr,10/23/2022,25,68,11
240,eflyi,4/12/2023,6,78,13
241,hspqv,11/29/2022,29,92,12
242,zrxzt,11/18/2022,9,130,10
243,kkjqc,8/6/2022,12,131,7
244,uzucc,9/14/2022,27,112,16
245,cwjje,8/4/2022,24,182,9
246,jupei,8/4/2022,13,56,5
247,oblrn,3/7/2023,7,245,1
248,nevwr,9/9/2022,26,300,20
249,ceuhh,1/16/2023,16,298,19
250,dhema,7/27/2022,14,242,3
251,ajmdn,10/28/2022,6,63,11
252,aapav,10/29/2022,26,147,4
253,wqmfb,6/21/2022,18,40,15
254,ntmoq,7/19/2022,20,277,15
255,tkxbj,2/3/2023,24,144,5
256,ixfla,11/28/2022,8,289,6
257,drmod,6/28/2022,10,280,8
258,gjkpi,5/8/2022,5,81,3
259,dzfdq,1/28/2023,28,138,16
260,efvsq,9/11/2022,3,17,4
261,iebwz,1/31/2023,19,73,12
262,ntsxt,8/31/2022,29,150,10
263,icesf,9/9/2022,15,169,7
264,pixfz,2/16/2023,17,110,16
265,sfzij,10/23/2022,9,148,12
266,cuuoq,4/4/2023,27,87,19
267,lhvew,11/21/2022,30,217,15
268,amqma,6/15/2022,21,4,15
269,elbgm,4/26/2022,23,23,12
270,cguhe,6/4/2022,14,62,10
271,kujny,4/30/2022,12,31,17
272,ogegt,12/10/2022,11,19,1
273,xgeqh,7/1/2022,16,232,6
274,numlm,10/29/2022,13,245,20
275,lzpxq,11/29/2022,1,192,5
276,ehksh,11/8/2022,4,145,4
277,tbgko,7/4/2022,22,254,7
278,uwkkl,11/14/2022,7,219,7
279,uaqat,2/16/2023,25,152,14
280,aippa,1/26/2023,2,109,12
281,gbeme,3/7/2023,11,244,17
282,ebeus,9/18/2022,5,119,10
283,gffsj,2/23/2023,19,283,2
284,qhcdh,3/17/2023,4,126,9
285,tgmml,10/15/2022,6,33,17
286,keucy,2/16/2023,16,172,18
287,nxduv,11/28/2022,21,214,3
288,ivcus,5/17/2022,2,139,11
289,xjhen,11/13/2022,8,258,5
290,quino,10/25/2022,17,132,16
291,ckqnw,10/17/2022,13,291,20
292,guzha,7/6/2022,14,5,18
293,hinjc,7/27/2022,27,104,7
294,wcgtp,8/27/2022,12,1,3
295,upcqg,6/4/2022,28,225,8
296,rjzbg,8/6/2022,20,143,10
297,kjemi,6/10/2022,22,247,18
298,mffvt,2/25/2023,25,268,13
299,vmyba,1/2/2023,7,248,3
300,druod,1/2/2023,1,176,8
301,wynir,12/8/2022,11,165,16
302,euqkf,12/26/2022,17,54,12
303,lowwh,11/9/2022,6,183,2
304,kcuxf,2/10/2023,30,143,6
305,zyoud,10/2/2022,15,37,10
306,pgmso,3/19/2023,21,61,19
307,uupoj,11/2/2022,16,105,14
308,vlxwt,10/25/2022,12,277,18
309,hdile,12/22/2022,1,2,1
310,zcoco,8/9/2022,25,22,13
311,ybzqk,3/30/2023,2,199,7
312,pllbr,9/28/2022,27,214,13
313,mmqea,11/11/2022,14,276,14
314,nzlqq,7/2/2022,7,103,4
315,gahlv,2/7/2023,4,180,15
316,wcwvc,4/25/2022,28,133,20
317,aeqyw,2/1/2023,19,194,3
318,lwawm,3/13/2023,8,13,3
319,scztb,10/26/2022,3,145,10
320,aufun,7/1/2022,5,115,20
321,pldkx,8/1/2022,29,51,6
322,vkcob,1/7/2023,20,139,14
323,tsfzg,6/11/2022,26,67,6
324,ykesu,10/23/2022,10,87,15
325,yixei,12/29/2022,23,278,11
326,yllmi,9/23/2022,18,234,2
327,xspnn,12/26/2022,13,279,5
328,fkpuj,1/29/2023,24,247,2
329,awnwc,1/16/2023,22,251,1
330,qejoh,5/23/2022,9,173,19
331,ryywn,7/6/2022,5,39,2
332,nxkwi,4/12/2023,20,53,18
333,oiqoh,6/24/2022,18,223,9
334,ajjwn,10/21/2022,11,82,5
335,gtvuj,12/14/2022,13,297,19
336,epvto,4/20/2022,2,65,9
337,ygkpe,8/1/2022,16,274,10
338,awybw,3/9/2023,3,71,12
339,ttpjw,1/20/2023,6,141,19
340,uskrz,8/7/2022,26,18,17
341,jybqc,6/5/2022,25,106,7
342,tlhqi,11/10/2022,19,73,13
343,kbykt,4/16/2023,10,57,19
344,unyhe,11/2/2022,21,291,3
345,fwqii,4/10/2023,24,152,12
346,gqhky,3/23/2023,27,243,11
347,bsfdr,7/5/2022,14,167,14
348,fdpmk,8/15/2022,23,23,18
349,rjyac,4/9/2023,4,84,10
350,iqjlo,4/30/2022,9,181,6
351,ghuyr,10/26/2022,20,214,8
352,ehrmd,8/21/2022,11,198,2
353,znoje,10/20/2022,15,110,3
354,evkeo,1/23/2023,14,60,7
355,wqjib,6/5/2022,25,233,8
356,ndccu,7/8/2022,21,154,19
357,olngy,4/6/2023,9,176,9
358,vxqkp,2/8/2023,5,272,5
359,yqipv,7/5/2022,7,103,18
360,oxppj,6/23/2022,29,105,17
361,nbhmm,4/4/2023,18,34,8
362,imlls,1/23/2023,17,79,15
363,gkjwn,7/7/2022,22,230,6
364,hfajt,2/12/2023,6,81,18
365,bvpjo,1/15/2023,30,58,1
366,fygyy,11/16/2022,26,125,12
367,pzxnf,6/10/2022,24,258,1
368,jnuld,6/1/2022,13,266,1
369,jsuno,2/2/2023,12,149,1
370,cmckp,2/11/2023,8,72,8
371,mpuza,12/23/2022,19,215,10
372,pqcvy,12/29/2022,16,135,12
373,basld,8/30/2022,4,47,20
374,tzdss,4/3/2023,23,186,12
375,npuek,7/28/2022,3,223,19
376,exsyj,11/3/2022,28,226,18
377,fwjgc,5/8/2022,10,65,1
378,jutbq,5/26/2022,1,158,16
379,utqxe,11/6/2022,2,8,16
380,jtanv,8/1/2022,27,39,18
381,fqojb,8/19/2022,3,206,11
382,rrzou,2/28/2023,20,263,19
383,islsv,1/28/2023,13,44,6
384,xftit,4/13/2023,25,193,4
385,yultu,4/20/2022,17,225,18
386,txhjs,12/15/2022,21,146,6
387,bmpbv,11/10/2022,14,9,10
388,exhvn,12/13/2022,8,182,2
389,chshk,4/20/2022,15,128,10
390,azrhz,3/23/2023,5,114,15
391,yrqci,8/27/2022,9,113,1
392,yazxp,10/3/2022,12,101,13
393,fyobk,11/4/2022,18,212,14
394,pxywg,4/13/2023,1,74,9
395,ycqpw,12/3/2022,27,97,7
396,noboz,11/8/2022,4,169,13
397,pcivq,4/28/2022,24,144,17
398,ckcku,6/4/2022,29,209,3
399,ymaqf,10/28/2022,2,216,17
400,abpqe,3/29/2023,23,109,1
401,zaifa,1/1/2023,6,129,18
402,dbnby,3/7/2023,19,194,13
403,joibd,11/24/2022,26,210,15
404,vkpim,4/24/2022,23,136,4
405,ftqfv,1/17/2023,10,7,12
406,cqeyu,11/28/2022,5,116,13
407,pspdd,5/21/2022,30,191,12
408,vkmfx,9/16/2022,21,71,2
409,gpvzo,1/22/2023,17,34,9
410,muswz,7/10/2022,22,107,16
411,hhpda,11/26/2022,20,80,15
412,cttww,3/29/2023,27,39,3
413,ryiga,2/18/2023,2,109,12
414,harfr,11/26/2022,9,157,1
415,kpqcv,8/18/2022,4,127,7
416,lumoe,4/27/2022,15,163,17
417,waiih,5/30/2022,28,173,5
418,tzuat,11/8/2022,7,218,10
419,xrmot,1/10/2023,1,243,19
420,ttrcn,6/29/2022,13,252,19
421,jdsxz,12/28/2022,3,81,9
422,mhanh,8/24/2022,11,200,10
423,vsmjv,3/13/2023,25,120,19
424,ukswo,12/10/2022,29,40,7
425,dckdq,2/18/2023,14,231,2
426,hxkft,10/17/2022,12,164,19
427,ldgof,10/30/2022,8,275,3
428,andcc,5/19/2022,16,209,2
429,bgyrk,6/6/2022,24,59,7
430,eufrc,8/5/2022,18,276,4
431,tfvvu,4/30/2022,21,141,10
432,zajvk,2/2/2023,13,19,2
433,mxkzn,7/29/2022,14,139,8
434,ekflr,5/9/2022,7,224,9
435,tprcm,11/23/2022,28,84,9
436,qszxw,12/1/2022,2,271,19
437,bvqsp,10/7/2022,26,258,9
438,lvhdw,5/10/2022,12,23,14
439,koiai,6/17/2022,30,83,10
440,bmsnl,7/24/2022,5,15,10
441,mkxmb,3/18/2023,25,66,3
442,snprm,5/28/2022,6,63,8
443,jkwvq,12/30/2022,19,60,3
444,raykr,2/17/2023,15,119,16
445,nhezc,12/5/2022,18,1,6
446,ddxvj,3/14/2023,23,203,15
447,bydwb,6/17/2022,22,187,17
448,pwyyc,10/9/2022,1,153,19
449,hccew,12/18/2022,17,5,20
450,vzfic,7/29/2022,4,32,1
451,avdrt,3/12/2023,9,172,1
452,xggmm,10/31/2022,10,201,1
453,kotfq,2/17/2023,21,140,6
454,qusgp,1/27/2023,22,28,13
455,yryrq,12/31/2022,3,165,7
456,tjdbe,4/17/2022,23,162,4
457,ojcat,6/17/2022,24,242,20
458,sbvll,9/24/2022,15,272,18
459,vjkoj,12/19/2022,2,220,13
460,wnbjf,6/17/2022,20,147,15
461,giuij,5/21/2022,29,217,18
462,pwcjc,8/29/2022,30,13,19
463,rwano,8/24/2022,14,118,7
464,kbaly,5/16/2022,28,239,19
465,gwivg,7/24/2022,8,42,20
466,hsydw,7/7/2022,11,273,16
467,ymtvt,5/19/2022,19,203,13
468,tsgdh,5/1/2022,4,26,2
469,fterm,10/12/2022,6,250,14
470,usowb,1/22/2023,25,14,2
471,pnfie,10/6/2022,27,249,11
472,rksdu,5/31/2022,13,62,15
473,hhwqt,7/21/2022,7,113,9
474,bqmtb,9/24/2022,18,202,20
475,ctoqh,8/3/2022,26,219,15
476,imajm,3/3/2023,5,97,17
477,jqnbi,4/5/2023,16,286,13
478,ftqfm,2/20/2023,1,189,11
479,iveva,6/6/2022,12,207,4
480,luxnq,12/14/2022,17,51,17
481,aruzo,12/15/2022,7,279,5
482,ngyzk,8/23/2022,6,124,11
483,sadmr,6/4/2022,12,253,2
484,bupcw,4/9/2023,18,265,5
485,xqvzc,9/11/2022,14,200,16
486,znqbc,10/31/2022,20,164,15
487,mpnsz,11/28/2022,10,171,14
488,kurfp,8/8/2022,8,64,3
489,fplgf,1/12/2023,24,61,13
490,pblft,12/15/2022,1,59,6
491,djegm,7/20/2022,26,181,3
492,jcidj,4/29/2022,5,11,20
493,ojtyl,2/20/2023,13,236,7
494,jnkze,3/17/2023,17,216,18
495,azinl,11/7/2022,11,23,7
496,ralzl,10/27/2022,27,288,12
497,oylpk,6/11/2022,3,45,6
498,hfdnq,9/10/2022,25,88,7
499,ynrcd,9/19/2022,2,76,2
500,uewta,11/20/2022,28,186,4
501,phibp,9/20/2022,23,117,20
502,pakoh,8/12/2022,10,210,9
503,quwns,11/24/2022,2,299,13
504,xliav,7/18/2022,28,248,14
505,iewoj,3/10/2023,14,234,20
506,qjpak,6/5/2022,22,29,9
507,avcbs,3/21/2023,24,294,6
508,eomka,4/26/2022,19,1,10
509,ibjgx,10/25/2022,13,300,5
510,jawfb,1/9/2023,12,172,3
511,lohhi,10/17/2022,4,68,12
512,ecirj,1/27/2023,7,179,12
513,biyhm,4/18/2022,20,209,17
514,jdhhe,6/27/2022,29,191,3
515,pamaw,1/7/2023,27,251,20
516,atdri,6/19/2022,6,57,11
517,dzhbu,6/23/2022,17,90,17
518,eibsu,3/15/2023,21,53,4
519,eldkr,3/20/2023,26,32,8
520,mqpzn,5/7/2022,15,271,15
521,nftcu,6/5/2022,11,36,7
522,ohizz,5/13/2022,18,137,1
523,tjdrg,4/28/2022,16,35,3
524,wqpey,2/16/2023,30,45,9
525,cvndl,4/20/2022,3,40,14
526,bzeur,10/15/2022,8,208,20
527,wjyry,1/8/2023,1,168,14
528,cbrop,12/14/2022,25,213,1
529,mbopw,3/24/2023,5,180,2
530,uzeue,1/11/2023,9,240,13
531,gafvz,4/17/2022,1,212,13
532,svkhy,2/24/2023,19,44,15
533,xhpja,11/2/2022,18,264,1
534,magyo,4/10/2023,8,125,6
535,nsfuh,1/8/2023,25,51,6
536,ivvsy,11/23/2022,12,19,16
537,jghan,5/4/2022,29,244,18
538,hsyld,11/13/2022,4,48,19
539,vbvsw,2/7/2023,17,189,8
540,crgsp,1/11/2023,11,139,16
541,dyufp,10/16/2022,16,56,13
542,vnkes,7/23/2022,5,95,6
543,jpsvl,3/19/2023,26,177,19
544,fvges,8/14/2022,2,175,14
545,jbucr,3/10/2023,24,218,18
546,pnxtd,10/22/2022,30,16,11
547,yassz,5/13/2022,9,297,10
548,ofmcf,12/14/2022,22,43,18
549,qsvkk,7/4/2022,21,63,9
550,hvutw,8/23/2022,20,111,8
551,kvqpr,7/3/2022,18,67,6
552,vvdae,4/29/2022,23,240,1
553,fdfqi,11/13/2022,30,117,20
554,oddwh,9/23/2022,27,185,13
555,oiayu,9/7/2022,29,288,19
556,akkoi,4/8/2023,22,263,8
557,ewppr,6/27/2022,13,253,7
558,hjbrr,7/7/2022,20,261,11
559,exdmh,12/14/2022,17,216,11
560,xwnxl,5/12/2022,4,75,14
561,xmugb,11/19/2022,2,52,10
562,bkqwc,2/26/2023,9,218,3
563,bmqgy,6/9/2022,24,157,13
564,farul,12/24/2022,1,91,6
565,exlmb,12/29/2022,6,131,1
566,gxqmf,1/6/2023,25,120,20
567,zniqy,1/2/2023,12,79,18
568,tdldv,3/8/2023,19,106,2
569,kttvv,11/23/2022,21,48,10
570,pthal,1/23/2023,5,96,2
571,zazqp,3/17/2023,26,244,13
572,iklcp,6/22/2022,16,232,4
573,cowiw,4/18/2022,14,265,19
574,ejlot,7/18/2022,10,202,16
575,wsrlj,5/26/2022,3,206,12
576,yvogz,4/13/2023,15,274,6
577,laqdo,8/28/2022,7,142,14
578,bdxrd,1/24/2023,28,162,13
579,zgjkz,9/15/2022,11,239,14
580,ebqyy,11/29/2022,8,270,6
581,nncwd,9/24/2022,14,38,17
582,gbpdb,5/10/2022,20,287,18
583,bxdrw,9/6/2022,17,252,8
584,zoglk,8/15/2022,2,168,8
585,ssoil,2/25/2023,29,103,18
586,twddu,9/12/2022,28,11,8
587,qjvcp,7/22/2022,24,259,7
588,plcvw,3/31/2023,11,138,8
589,iwdmj,12/13/2022,10,229,17
590,qepfv,12/15/2022,21,26,14
591,wjinl,2/7/2023,5,193,7
592,ngkiu,3/13/2023,3,267,12
593,bpyld,10/22/2022,27,50,13
594,cvvll,12/7/2022,16,201,16
595,czyhk,6/22/2022,23,156,17
596,nprkb,1/27/2023,26,24,5
597,wgpow,9/7/2022,12,177,13
598,zyxnv,10/31/2022,9,195,11
599,ioums,5/23/2022,8,123,13
600,cuvtn,6/26/2022,1,279,2
601,icbpc,3/23/2023,8,266,9
602,iomab,5/25/2022,13,252,18
603,egycl,7/20/2022,9,195,13
604,nbwiq,3/30/2023,1,131,4
605,dsqsh,7/5/2022,24,271,1
606,djwot,2/12/2023,7,29,16
607,sxhsg,12/13/2022,22,292,6
608,jrdwe,2/14/2023,27,111,4
609,lenkr,11/12/2022,19,183,8
610,zbxvf,11/19/2022,26,52,10
611,zlwzu,3/6/2023,30,218,3
612,yzrrf,9/13/2022,28,86,14
613,wskjh,9/12/2022,29,80,9
614,vrqjl,1/25/2023,12,9,2
615,jgjxx,11/13/2022,20,91,16
616,pxisu,10/10/2022,5,72,10
617,kqyng,12/22/2022,3,173,15
618,omvie,3/27/2023,10,55,10
619,obrfw,9/17/2022,11,213,3
620,kwukc,9/16/2022,25,152,12
621,hgqoe,1/4/2023,14,160,3
622,mvzgj,1/20/2023,4,37,19
623,ohlck,4/21/2022,23,163,4
624,jzndz,11/22/2022,17,140,1
625,ccaqu,9/25/2022,18,294,4
626,qbbad,9/18/2022,21,165,3
627,ezihk,3/18/2023,15,119,13
628,avcom,7/19/2022,6,200,11
629,nslrx,6/24/2022,2,130,6
630,shbwb,12/24/2022,16,65,19
631,hdhzi,2/20/2023,14,169,7
632,lobvm,8/30/2022,24,116,19
633,oroqg,7/29/2022,15,38,4
634,yukzt,5/4/2022,30,298,4
635,sxsju,6/15/2022,5,134,16
636,qceya,9/14/2022,2,61,8
637,hxsku,6/29/2022,4,281,15
638,dbzwa,5/6/2022,28,289,20
639,vglyw,9/13/2022,8,151,8
640,wdzwa,1/24/2023,3,181,10
641,qlevr,2/19/2023,13,179,11
642,kkwdl,6/4/2022,6,58,9
643,afxij,11/22/2022,16,148,7
644,oibwv,6/22/2022,20,8,13
645,ydgwq,10/1/2022,29,32,7
646,rrivx,7/9/2022,19,212,10
647,ammde,6/29/2022,10,275,15
648,bdqrf,1/30/2023,17,284,13
649,btokc,5/15/2022,12,158,8
650,msttq,1/15/2023,27,57,10
651,nfcgs,11/19/2022,4,119,11
652,ublck,12/23/2022,10,224,1
653,kifim,9/24/2022,3,113,1
654,phjyn,1/29/2023,21,142,15
655,nyjcy,12/23/2022,1,195,20
656,delbe,3/14/2023,7,284,6
657,rkhxr,12/2/2022,18,270,11
658,flfaq,6/16/2022,22,27,14
659,pwhug,7/18/2022,28,160,14
660,gorvq,1/21/2023,26,55,6
661,spkmf,7/1/2022,23,54,3
662,qsjpe,6/25/2022,8,252,4
663,dlvug,5/13/2022,25,231,1
664,ddghy,12/29/2022,2,219,20
665,amldn,12/4/2022,27,225,10
666,pjsqq,8/13/2022,30,6,9
667,nwhok,3/9/2023,9,265,2
668,tzqzq,5/1/2022,13,24,13
669,hproh,2/19/2023,14,14,19
670,euupm,1/25/2023,12,49,4
671,zmmah,11/9/2022,24,279,20
672,ytcje,4/17/2022,5,78,14
673,lpmfz,7/23/2022,15,221,3
674,pawxb,6/29/2022,11,287,2
675,vtewy,1/6/2023,17,109,9
676,mdzos,6/11/2022,20,88,9
677,eseui,7/16/2022,19,17,15
678,xmxrm,11/4/2022,29,254,3
679,uppcn,1/15/2023,6,12,18
680,ogbly,10/15/2022,16,226,12
681,iwjyo,12/20/2022,24,30,17
682,gvrix,4/19/2022,27,206,13
683,koblr,6/30/2022,16,95,11
684,afwhm,12/10/2022,18,46,7
685,irydw,9/15/2022,13,181,10
686,xtwrk,4/27/2022,8,201,5
687,zpztf,11/9/2022,26,63,17
688,xovjj,12/11/2022,4,25,1
689,jhzst,10/30/2022,21,81,1
690,dwssa,4/5/2023,6,236,13
691,uzald,3/8/2023,28,296,7
692,epsie,11/28/2022,10,253,5
693,tvdpw,7/5/2022,2,61,17
694,btxlt,1/26/2023,23,93,18
695,hpjqr,9/4/2022,7,203,2
696,ebhbb,8/15/2022,12,56,15
697,lnsuc,3/30/2023,22,255,8
698,gjjuz,8/24/2022,30,39,14
699,onlkh,11/19/2022,9,124,5
700,bywvl,8/22/2022,1,158,12
701,evmdz,6/29/2022,26,148,4
702,jcfph,2/9/2023,22,115,16
703,uslus,2/14/2023,25,241,18
704,gzsbw,1/23/2023,1,154,4
705,hgvva,5/4/2022,20,94,17
706,gbjcw,3/24/2023,10,79,3
707,emdlz,1/24/2023,14,204,7
708,qskwc,11/13/2022,28,281,11
709,vxume,1/5/2023,18,290,11
710,jtnrn,1/8/2023,16,146,7
711,ckrae,2/22/2023,24,294,9
712,deeyc,5/23/2022,21,101,6
713,kxxnb,7/3/2022,29,293,8
714,qhugr,11/7/2022,23,142,8
715,edayi,1/23/2023,6,184,14
716,nqjtn,3/3/2023,9,113,18
717,okrkg,5/7/2022,5,54,5
718,bbgve,4/7/2023,7,199,12
719,pniin,4/28/2022,2,235,6
720,gqcwy,5/22/2022,27,156,19
721,gzxlc,5/10/2022,3,116,17
722,teymc,12/3/2022,17,55,10
723,uflvg,11/22/2022,12,197,5
724,sjajn,8/28/2022,4,65,7
725,urqmm,2/7/2023,13,140,1
726,lurxh,7/16/2022,8,138,5
727,xxght,6/11/2022,15,178,5
728,dtfnf,2/3/2023,11,254,2
729,qxpba,5/13/2022,19,233,13
730,fiexo,2/26/2023,30,170,17
731,ghboh,8/15/2022,1,283,5
732,xmoch,6/3/2022,3,219,17
733,cwneh,6/29/2022,30,270,4
734,vwagh,4/14/2023,14,71,20
735,mubrh,8/19/2022,23,143,4
736,nomup,6/22/2022,4,210,8
737,zzcok,2/23/2023,21,15,9
738,sdafl,2/26/2023,8,282,18
739,axace,12/10/2022,26,214,4
740,olwlp,2/17/2023,28,216,2
741,ffqrh,12/10/2022,25,152,2
742,fmrax,6/10/2022,7,4,5
743,meuex,6/11/2022,29,105,13
744,jadyt,12/18/2022,9,230,7
745,umyrt,5/3/2022,22,144,14
746,zigje,5/14/2022,10,236,15
747,trjgd,6/24/2022,11,50,14
748,hkeuu,5/26/2022,5,205,2
749,xmbky,8/19/2022,20,89,15
750,tiugl,1/28/2023,12,247,19
751,cxykc,8/31/2022,23,245,10
752,qzfix,7/20/2022,17,19,1
753,qzaoa,1/15/2023,21,79,10
754,dmdnv,8/16/2022,5,247,20
755,qmney,11/14/2022,4,130,10
756,zsane,8/21/2022,20,46,14
757,klloj,2/7/2023,25,229,2
758,lbnft,9/19/2022,18,37,17
759,seebv,5/6/2022,2,26,11
760,toujn,1/24/2023,9,146,5
761,qhupf,8/28/2022,10,140,1
762,ssqsf,9/6/2022,30,167,10
763,rfvrj,6/18/2022,6,23,8
764,libvb,9/7/2022,26,139,5
765,fxzoz,5/25/2022,27,237,4
766,ytujz,3/25/2023,14,209,16
767,eqyva,6/16/2022,3,121,1
768,niymk,5/12/2022,19,111,6
769,iwslu,1/13/2023,8,28,5
770,okfgx,3/14/2023,29,124,15
771,edmje,2/16/2023,22,7,14
772,xyfmz,10/28/2022,15,241,14
773,sjqki,1/20/2023,7,224,16
774,dqgkt,2/14/2023,12,268,1
775,ttfxn,10/14/2022,11,141,11
776,swnxj,4/17/2022,28,264,3
777,jlazc,4/20/2022,1,57,7
778,iosgy,9/18/2022,16,143,7
779,nyjcl,9/12/2022,24,211,6
780,wzjyr,9/9/2022,13,25,3
781,qbdeb,9/3/2022,30,14,15
782,dnijc,11/13/2022,25,272,10
783,ovdyk,1/16/2023,15,220,16
784,jogfs,8/27/2022,13,1,6
785,cvzmz,11/15/2022,23,47,13
786,twgxy,12/28/2022,6,298,18
787,ewvdt,4/3/2023,28,218,11
788,rhsdl,11/28/2022,22,38,11
789,hifni,6/6/2022,5,221,8
790,mxqbu,4/14/2023,14,70,12
791,jtcbt,10/24/2022,9,192,20
792,nvrdw,9/11/2022,18,89,15
793,jggwl,9/17/2022,29,296,12
794,iypnx,9/13/2022,8,169,1
795,bvbfi,11/14/2022,3,299,9
796,serks,1/18/2023,27,281,3
797,iqqqm,1/27/2023,16,190,14
798,wlnmi,2/21/2023,20,128,20
799,qhvja,5/6/2022,4,157,5
800,usbxp,10/7/2022,17,44,18
801,pijjd,3/26/2023,18,48,20
802,wtgte,6/6/2022,17,265,8
803,rzsml,2/18/2023,15,203,12
804,ybtxh,10/3/2022,7,158,14
805,soiod,3/9/2023,20,160,1
806,tjszu,3/29/2023,26,235,13
807,ssdfp,11/24/2022,21,204,16
808,msoeg,8/20/2022,9,238,16
809,xknag,8/31/2022,19,201,13
810,lzndv,2/5/2023,29,191,11
811,xjodu,12/22/2022,10,112,20
812,jdyob,7/7/2022,27,8,4
813,odrob,2/8/2023,14,166,18
814,zbxzp,4/5/2023,24,93,13
815,sldhq,1/9/2023,8,253,10
816,bdonx,4/29/2022,11,96,15
817,emhft,9/3/2022,5,207,2
818,yoorq,7/11/2022,1,299,4
819,bmjxd,1/4/2023,25,45,9
820,qfnqs,6/3/2022,13,149,17
821,utbzb,11/5/2022,28,167,11
822,eylwl,8/22/2022,2,195,7
823,wmotp,1/29/2023,16,273,15
824,dyebu,11/9/2022,22,25,1
825,mowsq,12/21/2022,30,34,1
826,msqmo,11/3/2022,3,42,17
827,uryzb,3/19/2023,4,16,3
828,frmkb,1/3/2023,23,156,16
829,wzxbi,3/5/2023,6,78,17
830,paojk,2/22/2023,12,73,8
831,exqvw,2/18/2023,5,83,19
832,chmkj,12/7/2022,18,240,10
833,cywvu,11/10/2022,6,131,20
834,cykfx,12/18/2022,29,221,16
835,wmlsk,1/9/2023,3,108,2
836,aeuhv,9/18/2022,9,277,10
837,fscun,5/26/2022,19,154,1
838,pqpna,2/5/2023,2,87,8
839,fiwhf,1/4/2023,10,294,16
840,aqpay,10/9/2022,14,249,15
841,kjjwd,4/16/2023,17,261,16
842,ymzfq,6/21/2022,24,271,15
843,qiduu,5/16/2022,21,213,16
844,emdvl,7/22/2022,4,208,15
845,xvvlr,7/24/2022,22,230,4
846,cvuho,7/15/2022,28,246,15
847,bxmgc,8/18/2022,7,50,3
848,vnfcs,10/18/2022,25,74,18
849,suaio,3/10/2023,1,197,14
850,iwiqp,10/23/2022,30,170,10
851,hycho,11/4/2022,24,196,17
852,ghbha,9/5/2022,21,236,5
853,jgjye,3/9/2023,9,131,3
854,xczgm,3/14/2023,13,74,10
855,ffylx,10/18/2022,16,37,12
856,bxwto,7/21/2022,25,143,18
857,wrhkz,12/25/2022,7,82,13
858,zcrzu,10/22/2022,14,145,18
859,jersx,4/23/2022,19,164,15
860,chtta,7/8/2022,29,148,14
861,utazf,11/22/2022,20,229,2
862,hcpvo,6/19/2022,30,269,2
863,zrtqb,2/9/2023,1,228,15
864,khxfk,1/17/2023,8,268,8
865,hxgfg,5/30/2022,22,141,15
866,selsl,11/28/2022,10,277,9
867,fkfec,11/29/2022,28,195,4
868,koytq,12/24/2022,5,139,12
869,ywhip,9/27/2022,26,203,6
870,ukrbq,8/2/2022,12,124,3
871,kdfkh,5/12/2022,2,1,19
872,ttegv,5/12/2022,4,165,3
873,ahbfv,11/16/2022,6,273,20
874,przxm,1/18/2023,27,163,13
875,rekit,2/5/2023,11,235,19
876,mirxg,5/26/2022,18,191,3
877,eprjx,9/23/2022,23,137,14
878,qgqzg,7/13/2022,15,132,20
879,wsjuz,4/20/2022,3,50,3
880,vuapz,4/13/2023,17,276,7
881,akidz,9/12/2022,2,284,4
882,tpjja,2/10/2023,29,161,8
883,dkecw,6/12/2022,25,71,19
884,juvyw,11/24/2022,10,55,9
885,cduwa,2/25/2023,16,43,17
886,dofeh,6/24/2022,19,297,18
887,wycrp,11/13/2022,24,89,9
888,hgnoo,11/12/2022,28,133,19
889,ltixw,5/13/2022,21,62,10
890,ltera,1/12/2023,4,78,15
891,pxkqg,3/15/2023,20,249,14
892,rxqgf,6/12/2022,23,218,14
893,sgquy,11/15/2022,5,118,10
894,ooyjw,12/8/2022,14,65,19
895,rnwiw,12/3/2022,6,97,8
896,ygmny,5/14/2022,12,192,11
897,tgpci,2/9/2023,26,25,8
898,wytgj,2/25/2023,3,222,16
899,wdunk,2/23/2023,22,232,13
900,xkjlj,11/12/2022,15,172,14
901,oxgwx,12/28/2022,10,63,13
902,kvyys,10/29/2022,2,99,8
903,upcpm,5/13/2022,21,263,3
904,xvcfl,1/26/2023,8,221,19
905,mrqmu,3/6/2023,1,146,4
906,ftlgz,6/24/2022,5,124,15
907,uzceb,12/20/2022,3,65,8
908,dnpsn,5/29/2022,26,220,14
909,nqeon,7/23/2022,29,223,9
910,pzgvb,6/28/2022,17,17,18
911,sjied,7/18/2022,13,292,12
912,hnfxs,10/19/2022,30,289,20
913,aibhu,8/31/2022,7,82,12
914,txsft,1/9/2023,12,186,6
915,fjpzj,2/4/2023,19,172,18
916,lcnjj,8/21/2022,9,56,3
917,ihjlx,8/17/2022,20,54,1
918,oacdr,9/9/2022,22,108,13
919,dlpks,2/15/2023,4,203,16
920,bnsur,11/8/2022,24,39,17
921,igsir,10/22/2022,23,125,7
922,ujdga,8/13/2022,28,247,7
923,ihmyd,4/3/2023,14,109,14
924,zxsnq,10/19/2022,15,110,9
925,zebqo,2/7/2023,25,242,5
926,goqdm,11/20/2022,18,150,8
927,nddvu,6/12/2022,11,91,16
928,rwzmt,10/17/2022,6,207,15
929,tpbex,7/30/2022,16,118,12
930,bhqah,7/10/2022,27,255,20
931,wkquw,7/5/2022,6,293,4
932,lcxpj,8/6/2022,18,230,14
933,wkidj,10/18/2022,2,163,9
934,zmogv,5/8/2022,27,275,16
935,oosbw,1/15/2023,26,147,20
936,jjxjr,2/23/2023,29,258,10
937,osvog,7/7/2022,16,128,14
938,wphsj,9/15/2022,23,214,19
939,snwdk,1/16/2023,14,181,12
940,kghsj,10/29/2022,25,156,20
941,pbozq,3/1/2023,3,298,1
942,ldmea,11/19/2022,17,288,8
943,tldrn,5/17/2022,1,210,15
944,qjojv,4/3/2023,4,130,4
945,sayjt,9/8/2022,15,233,6
946,jlnft,8/21/2022,20,97,10
947,ujgmg,3/27/2023,22,155,11
948,hywsl,4/25/2022,13,62,17
949,evueb,7/8/2022,7,84,8
950,qksjg,9/13/2022,24,225,6
951,mnqpt,12/21/2022,27,127,5
952,mspeg,10/12/2022,29,162,16
953,nsuxz,9/15/2022,15,274,17
954,dianw,2/10/2023,7,235,11
955,lwjua,2/8/2023,2,75,10
956,yguwm,4/13/2023,8,22,9
957,aiqkn,12/16/2022,17,188,11
958,kclgv,4/10/2023,25,271,11
959,cicfr,12/1/2022,16,30,11
960,eyllf,1/23/2023,18,78,17
961,smzbx,4/4/2023,23,48,1
962,thnsr,3/31/2023,28,263,3
963,vlrgf,11/5/2022,30,202,7
964,uxeww,1/3/2023,20,164,4
965,gzqkd,11/30/2022,12,249,3
966,lheww,6/4/2022,19,51,13
967,acvqr,12/30/2022,5,16,16
968,nbbic,4/15/2023,24,228,14
969,xwvmd,4/1/2023,1,32,11
970,zgjpm,8/11/2022,13,251,13
971,ebnws,5/4/2022,6,262,2
972,vwiwk,6/16/2022,26,296,6
973,mwnmb,10/28/2022,22,160,11
974,dhfkw,5/19/2022,11,173,19
975,teitx,3/28/2023,14,130,19
976,yjwgt,3/23/2023,9,132,2
977,vcdii,1/29/2023,10,14,6
978,ilftt,12/11/2022,21,10,5
979,lpsvw,6/10/2022,3,256,20
980,rekiy,10/18/2022,4,183,3
981,hnjhz,4/13/2023,3,3,7
982,befhc,6/9/2022,28,87,13
983,eutvx,4/10/2023,22,247,7
984,lyrrf,2/9/2023,15,248,2
985,ykmnn,10/27/2022,16,246,1
986,uiisw,9/25/2022,6,105,17
987,sqizx,7/6/2022,20,203,2
988,nbkeo,4/21/2022,13,12,1
989,lyzmi,9/4/2022,17,236,14
990,lwpcv,12/2/2022,9,44,7
991,lgsln,12/26/2022,7,63,7
992,msymz,7/17/2022,19,208,20
993,qydjw,7/12/2022,21,8,14
994,rjtzc,6/21/2022,12,49,16
995,oydlp,8/25/2022,25,79,18
996,yjfnb,1/24/2023,24,141,3
997,ixetf,10/17/2022,26,47,5
998,ncgia,9/20/2022,11,288,1
999,croyu,2/9/2023,18,73,9
1000,tsnjv,7/2/2022,23,168,2
